                  epoch,         train/box_loss,         train/cls_loss,         train/dfl_loss,   metrics/precision(B),      metrics/recall(B),       metrics/mAP50(B),    metrics/mAP50-95(B),           val/box_loss,           val/cls_loss,           val/dfl_loss,                 lr/pg0,                 lr/pg1,                 lr/pg2
                      1,                 5.8357,                  5.752,                 4.1728,                      0,                      0,                      0,                      0,                 6.0603,                 5.8138,                 4.1324,             0.00032479,             0.00032479,             0.00032479
                      2,                 4.7398,                 4.8532,                 3.5861,                      0,                      0,                      0,                      0,                  6.188,                 5.7954,                 4.3508,             0.00052781,             0.00052781,             0.00052781
                      3,                 3.5314,                 3.7344,                 2.8507,                0.72439,                 0.0681,                0.03645,                0.01454,                 5.1514,                 5.2539,                 3.6835,             0.00059884,             0.00059884,             0.00059884
                      4,                 3.1767,                 3.1321,                 2.4818,                0.91968,                 0.1129,                0.10407,                0.03354,                 3.1937,                 3.8593,                 2.5484,               0.000406,               0.000406,               0.000406
                      5,                 3.1121,                 2.9552,                 2.3234,                0.89839,                0.10442,                0.10077,                0.03549,                 2.8334,                 3.3957,                 2.3529,               0.000208,               0.000208,               0.000208
